{
	"id": "6b9cea48-e924-4ffa-e42c-a45a84ebbb42",
	"name": "ASP.NET Core API - module 3",
	"description": "",
	"order": [
		"c92beb2f-bb37-f3c3-27db-d940984c09a6",
		"85e6a46f-922b-06eb-7784-737305336bb1",
		"7703aac9-50be-b45f-568e-548fd0dc5134",
		"747e85bf-1537-4ff4-5686-26562994e879",
		"b76596bc-c554-dfe0-02d3-1abeef9885e2",
		"2128fecb-075d-5caa-d46a-ea91ef55799c",
		"5452776f-a168-af20-dff1-ce17490f355e",
		"c2b3b1f6-a20f-53a4-e208-868ed44b2ffb",
		"30b21bce-e7d1-6161-02a5-6b8a526d2cd3",
		"2c860018-e447-1055-a305-481767afe029",
		"d8cdbb42-c5fa-d560-20f8-59da36a88fed",
		"fad6b681-76f8-a005-5286-ccf69718f553"
	],
	"folders": [],
	"timestamp": 1465911681321,
	"owner": "805617",
	"public": false,
	"published": false,
	"requests": [
		{
			"id": "2128fecb-075d-5caa-d46a-ea91ef55799c",
			"headers": "Content-Type: application/json\n",
			"url": "http://localhost:1028/api/cities/1/pointsofinterest/1",
			"preRequestScript": null,
			"pathVariables": {},
			"method": "PUT",
			"data": [],
			"dataMode": "raw",
			"version": 2,
			"tests": null,
			"currentHelper": "normal",
			"helperAttributes": {},
			"time": 1474383466779,
			"name": "PUT Point of Interest (no description)",
			"description": "",
			"collectionId": "6b9cea48-e924-4ffa-e42c-a45a84ebbb42",
			"responses": [],
			"rawModeData": "{\n    \"name\": \"Updated again - Central Park\"\n}"
		},
		{
			"id": "2c860018-e447-1055-a305-481767afe029",
			"headers": "Content-Type: application/json\n",
			"url": "http://localhost:1028/api/cities/1/pointsofinterest/1",
			"preRequestScript": null,
			"pathVariables": {},
			"method": "PATCH",
			"data": [],
			"dataMode": "raw",
			"version": 2,
			"tests": null,
			"currentHelper": "normal",
			"helperAttributes": {},
			"time": 1474383495224,
			"name": "PATCH Point of Interest (remove name)",
			"description": "",
			"collectionId": "6b9cea48-e924-4ffa-e42c-a45a84ebbb42",
			"responses": [],
			"rawModeData": "[\n    {\n      \"op\": \"remove\",\n      \"path\": \"/name\"\n    }\n]"
		},
		{
			"id": "30b21bce-e7d1-6161-02a5-6b8a526d2cd3",
			"headers": "Content-Type: application/json\n",
			"url": "http://localhost:1028/api/cities/1/pointsofinterest/1",
			"preRequestScript": null,
			"pathVariables": {},
			"method": "PATCH",
			"data": [],
			"dataMode": "raw",
			"version": 2,
			"tests": null,
			"currentHelper": "normal",
			"helperAttributes": {},
			"time": 1474383488081,
			"name": "PATCH Point of Interest (invalid property)",
			"description": "",
			"collectionId": "6b9cea48-e924-4ffa-e42c-a45a84ebbb42",
			"responses": [],
			"rawModeData": "[\n    {\n      \"op\": \"replace\",\n      \"path\": \"/invalidproperty\",\n      \"value\": \"Updated - Central Park\"\n    }\n]"
		},
		{
			"id": "5452776f-a168-af20-dff1-ce17490f355e",
			"headers": "Content-Type: application/json\n",
			"url": "http://localhost:1028/api/cities/1/pointsofinterest/1",
			"preRequestScript": null,
			"pathVariables": {},
			"method": "PATCH",
			"data": [],
			"dataMode": "raw",
			"version": 2,
			"tests": null,
			"currentHelper": "normal",
			"helperAttributes": {},
			"time": 1474383473530,
			"name": "PATCH Point of Interest",
			"description": "",
			"collectionId": "6b9cea48-e924-4ffa-e42c-a45a84ebbb42",
			"responses": [],
			"rawModeData": "[\n    {\n      \"op\": \"replace\",\n      \"path\": \"/name\",\n      \"value\": \"Updated - Central Park\"\n    }\n]"
		},
		{
			"id": "747e85bf-1537-4ff4-5686-26562994e879",
			"headers": "Content-Type: application/json\n",
			"url": "http://localhost:1028/api/cities/3/pointsofinterest",
			"preRequestScript": null,
			"pathVariables": {},
			"method": "POST",
			"data": [],
			"dataMode": "raw",
			"version": 2,
			"tests": null,
			"currentHelper": "normal",
			"helperAttributes": {},
			"time": 1474383453007,
			"name": "POST Point of Interest (name == description)",
			"description": "",
			"collectionId": "6b9cea48-e924-4ffa-e42c-a45a84ebbb42",
			"responses": [],
			"rawModeData": "{\n    \"name\": \"Père Lachaise\",\n    \"description\": \"Père Lachaise\"\n}"
		},
		{
			"id": "7703aac9-50be-b45f-568e-548fd0dc5134",
			"headers": "Content-Type: application/json\n",
			"url": "http://localhost:1028/api/cities/3/pointsofinterest",
			"preRequestScript": null,
			"pathVariables": {},
			"method": "POST",
			"data": [],
			"dataMode": "raw",
			"version": 2,
			"tests": null,
			"currentHelper": "normal",
			"helperAttributes": {},
			"time": 1474383444006,
			"name": "POST Point of Interest (missing name, long description)",
			"description": "",
			"collectionId": "6b9cea48-e924-4ffa-e42c-a45a84ebbb42",
			"responses": [],
			"rawModeData": "{\n    \"invalidProperty\": 1,\n    \"description\": \"Scallywag holystone landlubber or just lubber yardarm tackle Shiver me timbers cog heave down provost Admiral of the Black. Hornswaggle spanker man-of-war yo-ho-ho mutiny splice the main brace jack keelhaul fire ship Corsair. Bounty prow walk the plank lugsail port loot pirate bilge jib scuppers.  Sutler lee matey sloop plunder splice the main brace interloper Yellow Jack maroon quarter. Draft Privateer run a shot across the bow chandler gaff broadside Pirate Round jolly boat skysail bilge. Chandler mutiny careen execution dock splice the main brace bring a spring upon her cable lass run a rig grog blossom smartly.  Gangplank Davy Jones' Locker plunder overhaul draught pinnace blow the man down bring a spring upon her cable no prey, no pay keel. Gold Road gaff grapple sutler scurvy aft bilge come about coffer gunwalls. Scuttle list Davy Jones' Locker pinnace chase trysail draught Pirate Round Jolly Roger log.\"\n}\n"
		},
		{
			"id": "85e6a46f-922b-06eb-7784-737305336bb1",
			"headers": "Content-Type: application/json\n",
			"url": "http://localhost:1028/api/cities/3/pointsofinterest",
			"preRequestScript": null,
			"pathVariables": {},
			"method": "POST",
			"data": [],
			"dataMode": "raw",
			"version": 2,
			"tests": null,
			"currentHelper": "normal",
			"helperAttributes": {},
			"time": 1474383428809,
			"name": "POST Point of Interest (can't deserialize)",
			"description": "",
			"collectionId": "6b9cea48-e924-4ffa-e42c-a45a84ebbb42",
			"responses": [],
			"rawModeData": ""
		},
		{
			"id": "b76596bc-c554-dfe0-02d3-1abeef9885e2",
			"headers": "Content-Type: application/json\n",
			"url": "http://localhost:1028/api/cities/1/pointsofinterest/1",
			"preRequestScript": null,
			"pathVariables": {},
			"method": "PUT",
			"data": [],
			"dataMode": "raw",
			"version": 2,
			"tests": null,
			"currentHelper": "normal",
			"helperAttributes": {},
			"time": 1474383460164,
			"name": "PUT Point of Interest",
			"description": "",
			"collectionId": "6b9cea48-e924-4ffa-e42c-a45a84ebbb42",
			"responses": [],
			"rawModeData": "{\n    \"name\": \"Updated - Central Park\",\n    \"description\": \"Updated - The most visited urban park in the United States.\"\n}"
		},
		{
			"id": "c2b3b1f6-a20f-53a4-e208-868ed44b2ffb",
			"headers": "Content-Type: application/json\n",
			"url": "http://localhost:1028/api/cities/1/pointsofinterest/1",
			"preRequestScript": null,
			"pathVariables": {},
			"method": "PATCH",
			"data": [],
			"dataMode": "raw",
			"version": 2,
			"tests": null,
			"currentHelper": "normal",
			"helperAttributes": {},
			"time": 1474383480836,
			"name": "PATCH Point of Interest (update multiple)",
			"description": "",
			"collectionId": "6b9cea48-e924-4ffa-e42c-a45a84ebbb42",
			"responses": [],
			"rawModeData": "[\n    {\n      \"op\": \"replace\",\n      \"path\": \"/name\",\n      \"value\": \"Updated - Central Park\"\n    },\n    {\n      \"op\": \"replace\",\n      \"path\": \"/description\",\n      \"value\": \"Updated - Description\"\n    }\n]"
		},
		{
			"id": "c92beb2f-bb37-f3c3-27db-d940984c09a6",
			"headers": "Content-Type: application/json\n",
			"url": "http://localhost:1028/api/cities/3/pointsofinterest",
			"preRequestScript": null,
			"pathVariables": {},
			"method": "POST",
			"data": [],
			"dataMode": "raw",
			"version": 2,
			"tests": null,
			"currentHelper": "normal",
			"helperAttributes": {},
			"time": 1474383401161,
			"name": "POST Point of Interest",
			"description": "",
			"collectionId": "6b9cea48-e924-4ffa-e42c-a45a84ebbb42",
			"responses": [],
			"rawModeData": "{\n    \"name\": \"Père Lachaise\",\n    \"description\": \"Famous cemetery where Jim Morrison and Oscar Wilde are buried.\"\n}"
		},
		{
			"id": "d8cdbb42-c5fa-d560-20f8-59da36a88fed",
			"headers": "Content-Type: application/json\n",
			"url": "http://localhost:1028/api/cities/1/pointsofinterest/1",
			"preRequestScript": null,
			"pathVariables": {},
			"method": "PATCH",
			"data": [],
			"dataMode": "raw",
			"version": 2,
			"tests": null,
			"currentHelper": "normal",
			"helperAttributes": {},
			"time": 1474383503676,
			"name": "PATCH Point of Interest (update multiple, same value)",
			"description": "",
			"collectionId": "6b9cea48-e924-4ffa-e42c-a45a84ebbb42",
			"responses": [],
			"rawModeData": "[\n    {\n      \"op\": \"replace\",\n      \"path\": \"/name\",\n      \"value\": \"Updated - Central Park\"\n    },\n    {\n      \"op\": \"replace\",\n      \"path\": \"/description\",\n      \"value\": \"Updated - Central Park\"\n    }\n]"
		},
		{
			"id": "fad6b681-76f8-a005-5286-ccf69718f553",
			"headers": "",
			"url": "http://localhost:1028/api/cities/1/pointsofinterest/1",
			"preRequestScript": null,
			"pathVariables": {},
			"method": "DELETE",
			"data": [],
			"dataMode": "raw",
			"version": 2,
			"tests": null,
			"currentHelper": "normal",
			"helperAttributes": {},
			"time": 1474383513074,
			"name": "DELETE Point of Interest",
			"description": "",
			"collectionId": "6b9cea48-e924-4ffa-e42c-a45a84ebbb42",
			"responses": [],
			"rawModeData": ""
		}
	]
}